CustomerID,CustomerName,Gender,Age,City
1,Michelle Archer,Female,27,Lake Kaitlynfort
2,Tanner Wright,Male,32,North Joseph
3,Cheryl Leonard,Male,60,Port Thomas
4,Stacey Reeves,Male,61,Wongbury
5,Sandra Shelton,Male,31,Port Louisville
6,Blake Cole,Female,25,Herrerabury
7,Robert Adams,Male,33,South Elizabethmouth
8,Monique Lopez,Male,45,Dawsonton
9,Melissa Dillon,Male,24,Pacestad
10,Jennifer Gibbs,Male,70,Andersonborough
11,Briana Rosales,Female,20,Perryview
12,Darren Williams,Female,65,Josephstad
13,Jason Adams,Female,51,Davidberg
14,Ricardo Gibson,Female,52,New Davidport
15,Samuel Fletcher,Male,51,West Henry
16,Melissa Hill,Male,31,Drewberg
17,Isaac Reed,Female,32,Dawnmouth
18,Isabella Price,Female,47,Lake Calvinfort
19,Amanda Hawkins,Female,44,Port Lisaland
20,Anthony Chandler,Female,52,Stewartfort
21,Ariel Hawkins,Female,35,Reginamouth
22,Kimberly Gomez,Male,34,Wilkersonfort
23,Heather Garcia,Male,45,Lake Catherineport
24,Bryce Robertson,Female,25,North Jon
25,Sarah Thompson,Female,34,New Michelehaven
26,Chris Callahan,Female,42,Carpenterland
27,Donald Wilson,Female,32,Boydbury
28,Jill Anderson,Female,48,Brettside
29,Diana Ruiz,Male,53,East Jennifer
30,Joshua Rivera,Female,38,North Jennifer
31,Shawn Mitchell,Male,55,East Ericport
32,Brent Rubio,Male,68,Mitchellburgh
33,Cameron Oconnell,Female,67,Hurstburgh
34,Michael Peters,Male,23,Debraborough
35,Shelly Thompson,Female,22,Lake Andrealand
36,Deborah Stein,Male,42,Edwardland
37,Ryan Raymond,Male,24,New Jennifer
38,Benjamin Bradford,Male,46,Brandonview
39,Dustin Nunez,Male,52,Burtonville
40,Pamela Orozco,Male,31,Lake Karlaborough
41,Brittany Miller,Male,61,East Christina
42,Ashley Alvarez,Male,39,Chanstad
43,Sharon Higgins,Female,24,Skinnerport
44,Victoria Pearson,Male,39,Keystad
45,John Pena,Male,25,New Amanda
46,Kathryn Smith,Female,27,Whitneyhaven
47,Patrick Tran,Female,20,Davidberg
48,Michelle Mullins,Male,64,Robertton
49,Alvin Martinez,Female,58,Thomasburgh
50,Renee Logan,Male,67,Stephenbury
51,Randy Johnson,Male,62,Lake Francisco
52,William Rivera,Male,64,South Shane
53,David Lee,Female,49,Brittanyland
54,Anna Carter,Female,37,Carterstad
55,Michelle Heath,Female,30,North Dianefort
56,Fred Thomas,Male,25,West Dylan
57,Scott Ware,Male,35,South Carlafurt
58,Andrea Cunningham,Female,25,South Taylorside
59,Sara Williams,Female,48,West Lynntown
60,Sean Murphy,Male,66,East Alexismouth
61,Kenneth Middleton,Male,68,Lake Dennisfurt
62,Wendy Taylor,Male,24,Mirandastad
63,Jamie Taylor,Male,32,Audreymouth
64,Misty Davidson,Male,44,Nataliemouth
65,Christina Wells,Female,38,Grosschester
66,Joshua Johnson,Male,50,Sharonfurt
67,Justin Stewart,Female,70,Brandonfort
68,Haley Terrell,Female,52,Lopezberg
69,Beverly Carter,Male,42,Port Davidmouth
70,Chad Campos,Female,36,Rayville
71,Gene Wilcox,Male,40,Medinastad
72,Jennifer Wheeler,Male,22,Nguyenberg
73,Sophia Smith,Male,29,New James
74,Sarah Collins,Male,49,South Johnview
75,Thomas Orr,Female,45,North Curtis
76,Lori Werner,Female,45,South Selena
77,Denise Barker,Male,53,Matthewhaven
78,Darryl Taylor,Female,43,Parkville
79,Natalie Gates,Female,24,Sarahchester
80,Michael Romero,Female,58,New James
81,George Gonzalez,Female,26,Port Theresabury
82,Derrick Simmons,Female,64,South Kelly
83,Kevin Bates,Male,69,West Taylor
84,Kelly Allen,Female,23,Combsville
85,Oscar Dillon,Female,62,Lake Johnny
86,Amy Buck,Female,30,West Taylorstad
87,Mallory Green,Male,66,Robertside
88,Kimberly Gilbert,Male,66,North Albertstad
89,Elizabeth Lutz,Male,45,Hoodtown
90,John Moran,Male,28,Stanleystad
91,Cynthia Green,Male,69,Dennischester
92,Debra Mcdonald,Male,58,East Michaelchester
93,Kimberly Cole,Female,30,Goodwintown
94,Bernard Burke,Female,41,South Jamesberg
95,Alexis Larson,Male,36,New Shawnmouth
96,Martin Beck,Female,54,Roweborough
97,Jordan Rhodes,Male,23,Port Jessica
98,Kimberly Weiss,Female,45,North Seanchester
99,James Brady,Female,66,Stephenfort
100,Craig Sandoval,Male,23,North Keithburgh
101,Lisa Martin,Female,63,Colemouth
102,Daniel Cunningham,Female,18,Maryshire
103,Joshua Lewis,Female,54,New Gregory
104,Tracey Russo,Male,56,West Greg
105,Jessica Wheeler,Male,44,North Brittneychester
106,Anthony Wood,Female,26,Andreaton
107,Joshua Bauer,Female,27,Josephshire
108,Bruce Lynch,Male,67,Richardside
109,Taylor Shaw,Male,34,Thomasport
110,William Pineda,Female,55,Lake Amanda
111,Mr. Joshua Carney PhD,Female,49,Hernandezton
112,Timothy Williams,Female,25,East Catherine
113,Karen Byrd,Female,52,North Danielle
114,Daniel Reynolds,Female,22,Seanside
115,Connie Morrison,Male,65,Gailborough
116,William Perry,Male,54,East Daniel
117,Chad Cline,Male,20,Jenniferchester
118,Dr. William Wilkinson DDS,Male,51,South Gabriel
119,Kevin White,Male,61,Gibbsburgh
120,Amy Carr,Male,46,Codyton
121,Felicia Warren,Male,51,Caitlinfort
122,Kimberly Richard,Female,51,New Michaelbury
123,Kim Washington,Male,36,South Bobby
124,Jared Jones,Male,44,East Courtneychester
125,Allison Miller,Female,44,West Michelleburgh
126,Valerie Jimenez,Female,34,South Jessicaside
127,Sheila Mathis,Female,30,Lake Charleschester
128,Carlos Luna,Female,26,Coffeyhaven
129,Kimberly Parrish,Male,50,Brownfurt
130,Sharon Yoder,Male,55,North Stephanie
131,Nicholas Sloan MD,Male,40,Lake Matthewtown
132,Courtney King,Female,62,North Steven
133,Michael Chaney,Female,43,Lake Tammymouth
134,Linda Dyer,Male,30,Lake Melanie
135,Lisa Stewart,Female,29,Browningfurt
136,Sarah Gallagher,Male,67,Careyfurt
137,Megan Mccullough,Male,49,Welchmouth
138,Joseph Fitzgerald,Female,39,Amandafurt
139,Anthony Singleton,Male,18,East Ashley
140,Amanda Jarvis,Male,67,Lake James
141,Joe Patel,Female,66,New Chad
142,James Williams,Male,65,Mariaville
143,Stephen Sanchez,Female,21,Port Erin
144,Brittany Williams,Female,24,Riveraview
145,Ronnie Warren,Male,49,Vincenthaven
146,Danielle White,Male,47,Laurafort
147,Mitchell Hansen,Male,63,Timothyshire
148,Earl Dillon,Male,59,New Kristen
149,Dana Petty,Female,27,East Carla
150,Terrance Robinson,Male,23,Swansonhaven
151,Diana Drake,Male,22,Lake Jamesburgh
152,James Reynolds,Female,63,Glendaburgh
153,Marilyn Moore,Female,64,Farrellburgh
154,Keith Duncan,Female,69,Oliverton
155,Edward Velazquez,Female,56,South David
156,Kathleen Melendez,Female,50,Fletcherton
157,Kimberly Moore,Female,53,Port Ashleychester
158,Karen Burns,Male,47,Port Tylerfurt
159,Jill Stephens,Male,18,Lauriemouth
160,Wendy Simmons,Male,23,New Christine
161,Anthony Guzman,Female,21,Davidtown
162,Melissa Young,Male,62,Lake Kevinbury
163,Michael Salinas,Female,40,Fieldsburgh
164,Amanda Lyons,Male,33,Dannyshire
165,Kyle Fisher,Male,61,Rogerton
166,Ryan Pitts,Male,38,Lindsayfort
167,Michaela Oconnor,Female,57,Lawsonland
168,Sharon Brown,Female,25,West Markfurt
169,Darrell Wood,Male,33,Mackenzieberg
170,Jessica Martin,Female,66,North Matthew
171,John Kaiser,Female,29,East Johnfort
172,Jasmine Sharp,Female,32,North Richardstad
173,Jonathan Johnston,Female,31,Davenportburgh
174,Hannah Mcgee,Female,30,Williamport
175,Tyler Garcia,Female,53,East Jamiebury
176,Jamie Gentry,Male,41,West Susan
177,Marcus Cruz,Male,35,Port Steven
178,Abigail Taylor,Male,40,Williambury
179,Margaret Richards,Male,56,Millerville
180,Bobby Campbell,Female,69,Woodchester
181,Brian Edwards,Male,27,Cantustad
182,Laura Holmes,Male,64,Richardfort
183,Eileen Becker,Male,48,North Darrellfort
184,Sarah Morris,Female,47,Port Jackson
185,Jason Gross,Male,33,Kellychester
186,Leslie Gibbs,Male,44,South Christianside
187,Christy Foster,Female,36,Edwardsbury
188,Katie Johnson,Female,48,Denisefort
189,Anthony Campbell,Female,55,Port Sethton
190,Jared Miller,Male,62,South Walterland
191,Amanda Dickerson,Male,27,Snyderberg
192,Curtis Glover,Female,27,Briannaport
193,Veronica Graham,Male,47,Jillbury
194,Tommy Anderson,Female,43,Conniefurt
195,Shelby Massey,Female,47,Port Robinfurt
196,Jeffrey Davila,Female,19,East Bonnieview
197,Anne Williams,Female,60,North Michaelfurt
198,Bruce Thomas,Female,26,Olsenshire
199,Pamela Terrell,Male,61,Thompsonberg
200,Victoria Lam,Male,20,Gonzalezside
201,Lance Campbell,Female,51,Lake Joy
202,Regina Williams,Female,67,West Audrey
203,Ronald Mccarthy,Male,49,Simpsonville
204,Amanda Foster,Female,43,Port Juan
205,Sabrina Cannon,Male,25,Kaylaview
206,Daniel Melendez,Female,51,Melindachester
207,Courtney Rodriguez,Female,38,North Nicholas
208,Joseph Greer,Male,34,Daltonbury
209,David Campbell,Female,25,West Jamesbury
210,Philip Martin,Female,65,New Johnview
211,Joseph Love,Female,25,Port Davidmouth
212,Linda Rogers,Male,19,New Conniehaven
213,Patrick Tyler,Male,18,Port Meganshire
214,Chad Perez,Male,43,North Gina
215,Sergio Hickman,Male,25,Nicholasville
216,Leah Hill,Female,53,North Jamie
217,Daniel Ray,Male,62,South Cindychester
218,Stephanie Thompson,Male,22,Lake Rebeccafurt
219,Samantha Benitez,Male,49,Millermouth
220,Michael Sharp,Male,59,Lake Daniel
221,Susan Cruz,Female,58,Bellport
222,David Gibson,Male,23,Port Williamton
223,Mrs. Jessica Davis,Male,51,Port Rachael
224,Colton Rollins,Female,20,New Stephen
225,Brian Hartman,Female,20,Nicholefort
226,Patricia Brooks,Male,23,Millerview
227,Joseph Barron,Male,46,Jenniferville
228,Susan Brennan,Male,49,Quinnberg
229,Meghan Parker,Male,27,Port Richardside
230,Haley Downs,Female,41,Mariaview
231,Zachary Perkins,Male,24,Youngborough
232,Robert Blair,Female,33,East Edward
233,Robert Pittman,Male,18,Lake David
234,Mrs. Jennifer Powell,Male,34,North Rogerborough
235,Daniel Davis,Female,34,Hollyview
236,Michael Joyce,Male,29,Monicafurt
237,David Smith,Female,62,South Jenniferbury
238,Arthur Sandoval,Male,27,Hendersonmouth
239,Christine Thompson,Female,53,Jesseshire
240,David Anderson,Male,57,Brentstad
241,Laurie Nelson,Female,56,Garciachester
242,Bradley Henson,Female,26,Port Michaelfurt
243,Robert Hurley,Female,59,Lake Sharon
244,Barry Mclaughlin,Male,67,South Sylvia
245,Virginia Castillo,Male,55,Jamesview
246,Belinda Johnson,Male,36,Thomasborough
247,Brandon Smith,Female,53,Tuckertown
248,Jennifer Hanson,Male,29,Hodgesland
249,Timothy Watson,Female,39,Riversview
250,Maria Grimes,Female,69,New Dawn
251,Debra Scott,Male,61,Davidhaven
252,Robert Carney,Male,61,West Kylechester
253,John Krause,Male,57,East Christiebury
254,John Sullivan,Female,41,Ericashire
255,Natalie Lyons,Female,59,Aprilfurt
256,Stephen Valentine,Female,57,North Robertomouth
257,Courtney Chase,Male,34,Samanthachester
258,Matthew Terry,Female,39,East Morganchester
259,Michael Irwin,Male,36,New Lucasfurt
260,Randall Jones,Female,49,North Kathy
261,Jonathan Beltran,Female,47,Terrimouth
262,Daniel Rose,Female,65,Bridgetmouth
263,Nathaniel Williams,Female,22,South Michael
264,Susan Ward,Male,29,Mathishaven
265,Jamie Martin,Male,18,South Kennethbury
266,Jessica Conrad,Female,49,Pierceshire
267,Susan Robinson,Female,56,Matthewville
268,Carmen Lloyd,Female,59,Port Catherine
269,Robert Smith,Female,69,East Erica
270,Dr. Jesse Cochran,Female,26,Lake Kimberly
271,Jodi Green,Male,65,South John
272,Cameron Hood,Male,57,Linview
273,Margaret Salazar,Male,28,Port Kyle
274,Mark Mcdonald,Male,59,Edwardside
275,Stephen Montes,Female,40,Shirleyburgh
276,Mary Peck,Male,60,Lake Joshua
277,Troy Beck,Female,46,Phillipshaven
278,Jon Bailey,Male,33,East Christopher
279,Michael Marshall,Male,43,Johnsonton
280,Dustin Adams,Female,65,Scottfurt
281,Ethan Blanchard,Male,23,East Lisachester
282,Katherine Miller,Male,70,South Mark
283,Antonio Wagner,Female,49,Lake Stacymouth
284,Darlene May,Female,48,Edgarburgh
285,Brett Escobar,Female,37,North Alice
286,Dylan Cox,Female,66,Matthewborough
287,Kent Hill,Male,44,East Loretta
288,Jasmine Walton,Female,45,North Kathleenmouth
289,Brady Smith,Female,31,Lake Edwardmouth
290,Christina Oconnell,Male,59,Lisaberg
291,Carla Fuller,Male,21,Burnston
292,Jacob Silva,Male,70,Lake Jennifer
293,Thomas Mitchell,Female,66,Samanthatown
294,Blake Malone,Female,53,Williamview
295,Matthew Stewart,Female,65,Lake Rachael
296,Regina Murray,Male,50,New John
297,Adam Clark,Female,19,Caldwellberg
298,Vincent Rodriguez,Male,41,Lake Kennethville
299,Victoria Haley MD,Male,34,Kristietown
300,Patrick Hess,Male,26,Lake Margaretborough
301,Donald Thomas,Male,55,Larsonburgh
302,Laura Novak,Female,49,South Nicolas
303,Evan Howard,Female,62,Lake Stacystad
304,Joseph White,Male,44,Reevesport
305,Frederick Valenzuela,Male,66,Padillamouth
306,Bradley Molina,Male,26,East Andrew
307,Vanessa Woods,Female,34,South Erica
308,Kelly Brown,Male,45,East Edwardborough
309,Justin Howell,Male,39,South Leslie
310,Jorge Stewart,Female,46,Michelleborough
311,Raven Johnson,Female,33,Phammouth
312,Kelsey Lopez,Female,65,Cruzfort
313,Crystal Rosario,Male,49,New Shawnaland
314,Robin Wiggins,Male,62,West Ivan
315,Scott Cordova,Female,22,North Aprilmouth
316,Natalie Jones,Male,62,Lewistown
317,Charles Brown,Male,55,Steventown
318,Meredith Trevino,Male,50,South Donald
319,Jeffrey Taylor,Female,64,Cummingsland
320,Lance Padilla,Female,24,Taylortown
321,Lisa Jones,Female,37,West Rickyborough
322,Regina Mcdaniel,Male,50,Davidchester
323,Karen Martinez,Male,23,South Cheryl
324,Tiffany Newman,Male,20,South Sethhaven
325,David Cannon,Female,48,Port Samantha
326,Jessica Murphy,Male,35,Annafort
327,Brittney Moore,Female,70,South Dominichaven
328,Michaela Johnson,Female,45,Manuelburgh
329,Jessica Mason,Male,68,North Cherylbury
330,Chelsea Moody,Female,57,Perrybury
331,Jennifer Ponce,Male,67,South Fernandotown
332,Kayla Jacobs,Male,64,Johnville
333,Jason Garcia,Male,32,Nicholshaven
334,Zachary Guzman,Female,52,Johnsonshire
335,Misty Turner,Female,22,Rodriguezmouth
336,Dennis Rodriguez,Male,26,Brandiburgh
337,Matthew Smith,Male,38,New Kimberlychester
338,Jamie Mclean,Male,64,Kevinshire
339,Laura Nelson,Female,62,Port Heather
340,Shelly Woods,Female,30,Philipland
341,Susan Jones,Male,45,Gregorymouth
342,Denise Stokes,Male,20,Stanleymouth
343,Christopher Reese,Male,48,Teresamouth
344,Suzanne Williamson,Female,30,Lake Deniseview
345,Andrew Choi,Male,58,Fostermouth
346,Rebecca Bradley DDS,Female,54,Brownville
347,Sydney Rangel,Female,48,Anthonyside
348,Kelly Black,Female,32,Jonesport
349,Amber Blair,Female,18,Glorialand
350,Travis Howell,Female,61,Youngport
351,Kara Davis,Female,59,Johnchester
352,Frank Hall,Female,44,Lake Taylor
353,Jeffrey Walters,Female,39,Castroborough
354,Steven Garcia,Female,39,North Becky
355,Alex White,Female,51,West Sandramouth
356,Alan Abbott,Female,29,Richardsonchester
357,Jodi Martinez,Male,62,Dannyburgh
358,Richard Rush,Female,40,North Allen
359,Jacob Rhodes,Male,19,Susanshire
360,Robert Bush,Male,60,Tinabury
361,Felicia Rivera,Male,25,Port James
362,Daniel Hill,Male,33,Robertsstad
363,Curtis Elliott,Male,51,Allisonchester
364,Christopher Dickson,Female,38,Weaverberg
365,Matthew Simpson,Male,54,East Carolberg
366,Melanie Lewis,Female,26,Port Danielport
367,Michael Martinez,Female,45,Paulastad
368,Monique Johnson,Male,29,Carterchester
369,Kara Hobbs,Male,25,South Davidport
370,Dr. Mary Green MD,Male,19,South Danielleview
371,Nancy Rodriguez,Male,58,Port Victorland
372,Alexis Gonzales,Female,57,South Michael
373,Tabitha Jensen,Female,21,Port Nancy
374,Joel Cisneros,Male,64,Johnview
375,Nicolas Stewart,Female,48,Andresberg
376,Dana Sullivan,Female,37,East Stevenhaven
377,Regina Zuniga,Female,35,Lake Deborahberg
378,William Brown,Female,62,North Ana
379,Julie Garcia,Male,44,Alanton
380,Timothy Brewer,Female,56,Tonyamouth
381,Kimberly Campbell,Female,28,North Anna
382,Robert Bryant,Female,22,South Tamara
383,Paul Sawyer,Male,34,Espinozamouth
384,Arthur Hicks,Female,20,North Racheltown
385,Jorge Murphy,Male,36,Thompsonport
386,Joseph Grant,Male,58,Fisherborough
387,Kelsey Lewis,Female,63,Oneillton
388,Joseph Smith,Male,58,Rickyshire
389,Miss Carrie Kelley,Female,42,Port Patrickstad
390,Laura Lindsey,Male,51,Hessfort
391,Steven Robertson,Male,36,West Christyton
392,Mathew Jordan,Male,20,Robertstad
393,Diane Rivera,Male,43,New Brendashire
394,Cody Ray,Female,61,Tammybury
395,James Martin,Male,64,Foxview
396,Kenneth Rogers,Female,70,Albertshire
397,Sharon Hines,Male,48,Shannonmouth
398,Gary West,Female,48,Osbornberg
399,Jonathan Adkins,Female,45,Annton
400,Brian Jacobs,Female,33,Howeview
401,Peter Campbell,Female,44,West Caseyview
402,Bryan Crane,Male,55,Nicholasfurt
403,Ann Green,Male,24,Brianton
404,Emily Vargas,Female,62,Garciaside
405,Sandra Sellers,Male,46,Lake Coryview
406,Shannon Rodriguez,Female,23,Stevensside
407,Zachary Williams,Male,33,West Jermaineshire
408,Janet Hall,Female,43,North Alexander
409,Lynn Miller,Male,27,West Brianhaven
410,Lisa Burton,Male,19,North Becky
411,Nancy Holland,Female,67,West Patricia
412,Derek Green MD,Male,58,East Victoria
413,Barbara Gray,Female,24,Murphyborough
414,Danielle Nelson,Female,49,Lake Amyfurt
415,Michael Nguyen,Female,67,Blankenshipburgh
416,Lindsey Thompson,Female,38,Baldwinbury
417,Rebecca Alvarado,Female,32,Lake Sarafurt
418,Kenneth Williams,Male,65,Laramouth
419,Stephanie Watson,Male,25,East Dannyberg
420,Nicole Ramirez,Male,47,Millerfurt
421,Timothy Phillips,Male,58,North Ryanport
422,Amber Ward,Male,18,Pamelachester
423,Tammy Sanchez,Male,42,Michellehaven
424,Sandra Kim,Female,34,Whiteland
425,James Moreno,Female,28,Susanstad
426,Jeremy Kennedy,Male,36,Gomezshire
427,John Peters,Male,70,Haneyfort
428,Daniel Mcclure,Male,37,Gonzalezton
429,Mary Swanson,Female,27,Kristinamouth
430,Kimberly Dorsey,Male,52,Trevorshire
431,James Taylor,Female,61,Ryanton
432,Lisa Miller,Female,39,Cameronville
433,John Coleman,Female,39,New Louisstad
434,Gregory Burgess,Female,67,Mcdonaldfort
435,David Randolph,Male,53,New Cory
436,Lisa Parker,Female,58,Clarkfurt
437,Daniel Dawson,Male,68,East Brian
438,Michael Taylor,Female,20,Anthonyberg
439,Donald Moore,Female,46,West Joshua
440,Grace Butler,Male,33,Gatesside
441,Michael Buchanan,Male,56,Fisherside
442,Kyle Anderson,Female,62,Ryanfurt
443,Emily Stewart,Male,68,North Beverlyville
444,Katherine Walker,Male,62,North Rebeccaborough
445,Michael Foster,Male,28,South Jeanettebury
446,Jeremy Scott,Female,40,Flemingstad
447,Lisa Davis,Female,54,South Virginiafort
448,Lisa Johnson,Female,42,West Randy
449,Paula Edwards,Female,33,North Stephen
450,Christian Martin,Male,18,Whitetown
451,Patrick Allen,Female,67,Lake Reginaview
452,Sally Santos,Male,60,New Robertstad
453,Lisa Best,Male,26,Juanside
454,Michael Peters,Female,63,Dennisborough
455,Jacob Harris,Female,26,Lake Anthony
456,Angel Ramos,Female,34,South Sharon
457,Norman Harris,Female,39,East Matthewchester
458,Emily Cline,Male,62,Collinsbury
459,Jamie Horton,Male,69,South Joshua
460,James Lucas,Female,62,West Robert
461,Sally Hill,Female,52,South Mandychester
462,John Clark,Female,43,Wrighttown
463,Cindy Gentry,Female,64,South Michael
464,Eileen Watson,Male,69,Carlashire
465,Mark Levine,Female,36,West Carolyn
466,Tonya Waters,Female,20,Lake Heather
467,Linda Miranda,Female,55,Courtneyfurt
468,Angela Stephens,Female,40,Eduardoland
469,Ryan Benton,Female,48,Seanbury
470,Vincent Flores,Male,62,South Laura
471,Alan Burns,Female,70,Susanbury
472,Caitlin Wolf,Female,37,Laurenview
473,Joe Patel,Male,47,Stewartfort
474,Samuel Martinez,Male,70,West Mitchellchester
475,Shawn Wilson,Female,49,East John
476,David Atkins,Male,40,East Robynchester
477,Veronica Ward MD,Male,29,Lopezberg
478,John Brady,Male,20,Gonzalesport
479,Carl White,Male,49,Amyside
480,Ronnie Hernandez,Male,64,Dennisfurt
481,Andrea Duke,Male,32,New Matthewchester
482,Bobby Lang,Male,37,West Natashaland
483,Dawn Johnson,Male,20,Garyfurt
484,Mr. Eric Bender,Male,44,Lake Johnfort
485,Bradley Moore,Female,58,Port Michaelhaven
486,Steven Burgess,Female,58,East Tonyastad
487,Heather Fox,Female,22,West Jeremy
488,Chad Pierce,Female,55,Meganmouth
489,Gerald Petersen,Male,41,West Nataliestad
490,Stephanie Jones,Female,22,New Zacharyton
491,Jessica Butler,Female,68,East Michael
492,Mark Meyer,Female,45,East Paul
493,Austin Barker,Male,48,East Raymondchester
494,Roger Schmidt,Male,57,Lake Zacharyland
495,Lori Barrett,Female,29,Jonesport
496,Rebecca Moreno,Male,25,Samanthaside
497,Joseph Flores,Male,55,Toniville
498,Bianca Holloway,Female,43,Leeshire
499,Laura Todd,Male,54,Haleyville
500,Diana Moore,Female,52,Mcdonaldborough
501,Elizabeth George,Female,55,New Robertfort
502,Christopher Morrison,Female,22,Ortizville
503,Christopher Smith,Male,27,South Kimberly
504,Lori Williams,Male,22,North Arthur
505,Christopher Nelson,Male,18,Williamsport
506,Michelle Logan,Male,21,Greeneside
507,Christian Green,Male,57,Reedside
508,Donna Thomas,Female,35,South Billburgh
509,Holly Hawkins,Female,51,Port Kennethtown
510,Julie Moore,Female,64,New Kristine
511,Kayla Ball,Male,27,Harrisfurt
512,Kevin Lynch,Female,36,Stevenside
513,Suzanne Hicks,Male,27,Normantown
514,Mary Oliver,Male,68,Pricetown
515,Brad Ritter,Female,30,Jonathanberg
516,Michael Martinez,Male,49,South Kaylachester
517,Jonathan Wilson,Male,54,North Markbury
518,Bryan Montgomery,Female,30,Fletcherberg
519,Gina Wilson,Male,56,New Juliestad
520,Bradley Davis,Female,69,North Philip
521,Mary Anderson,Female,63,Wrightmouth
522,Deborah Rodriguez,Female,23,North Ashley
523,Steven Smith,Male,41,Eatonmouth
524,Jane Payne MD,Female,26,Derekview
525,Michelle Campbell,Male,52,Rochaburgh
526,Sara Davis,Male,34,Jamesbury
527,Deanna Wilkerson,Female,46,Mitchellfort
528,Christina Reynolds,Female,30,Josephstad
529,Billy Lucas,Female,59,Charlesport
530,Elizabeth Robinson,Female,65,Normanton
531,Lori Foster,Male,23,South Kelly
532,Samuel Smith,Male,58,South Joseph
533,Regina Nichols,Male,39,Doughertyport
534,Misty Wright,Male,50,West Joseph
535,Albert Fernandez,Female,65,South Henry
536,Natalie Ward,Male,52,Port Juliebury
537,Michelle Smith DDS,Female,29,Port Elijahside
538,Yvette Barrett,Male,63,New Scott
539,Dr. Brittney Hendrix,Male,66,West Adamland
540,Jessica Flores,Female,47,Lake Sherryburgh
541,Larry Adams,Male,65,East Justin
542,Dillon Hess,Female,29,Port Karenmouth
543,Adrian Gutierrez,Female,49,West Biancaborough
544,David Freeman,Female,70,Christopherside
545,Nicole Baker,Female,23,South Marcusshire
546,Kimberly Gray,Female,67,Hicksmouth
547,Nicole Stanley,Male,56,Katherinefort
548,Laura Williamson,Female,48,Adamland
549,Erin Clark,Female,28,East Melissa
550,Wendy Stanton,Male,55,South Nathan
551,Erica Hall,Female,67,Kristenview
552,Nicole James,Female,52,Weissberg
553,Michael Mitchell,Female,32,Hoton
554,Joshua Soto,Male,28,North Dominiquehaven
555,Matthew Jones,Male,66,Karaborough
556,Debra Robinson,Male,27,Port Dianeton
557,Claire Fleming,Male,45,Martinland
558,Ryan Chavez,Male,58,Acostaview
559,Chad Snow,Male,52,Haasborough
560,Brian Simmons,Male,51,West Robintown
561,Alexander Hawkins,Female,44,Lisafort
562,Veronica Bailey,Female,68,South Jasonborough
563,Kyle Evans,Male,50,Saramouth
564,Christopher Thomas,Female,37,South Catherineside
565,Sarah Thompson,Female,32,West Vanessa
566,Katherine Webb,Female,60,South Kevin
567,Teresa Sparks,Female,46,Zacharyport
568,Kyle Mccullough,Male,20,Port William
569,Jesse Martinez,Male,24,Webbland
570,Melinda Ramirez,Male,38,East Josephview
571,Angela Lopez,Male,39,North Frank
572,Cheryl Sloan,Female,28,South Derrickburgh
573,Michael Lewis,Male,39,North Brittany
574,Ashley Stephens,Female,38,Boyletown
575,Sara Hanson,Male,70,South Emilychester
576,Andrea Chavez,Female,32,Port Taylorville
577,Janet Beck,Male,36,Lake Alicia
578,Stefanie Wells,Male,46,East Alec
579,Steven Rich,Female,44,Hansenchester
580,Jose Sanders,Male,44,Rangelfurt
581,James Smith,Male,45,East Mary
582,Sheri Smith,Male,47,Austinton
583,Sarah Fernandez,Female,50,Herrerashire
584,Corey Rivas,Female,59,Noahland
585,Madison Jones,Male,40,Melanieville
586,Matthew Hoover,Male,46,Wolfhaven
587,Madeline Bush,Male,20,West Jamie
588,Mercedes James,Male,56,Port Edward
589,Ellen Murphy,Female,58,South Maryland
590,Paul Price,Male,55,West Veronicashire
591,Gary Young,Female,50,Bassfort
592,Arthur Irwin,Male,58,New Ericashire
593,Luke Jones,Female,56,West Jessica
594,Mary Solomon,Female,61,Cooperhaven
595,Paula Reynolds,Male,59,Hernandezburgh
596,Terry Blankenship,Female,43,Dustinville
597,Eddie Vargas,Female,68,South Morgan
598,Karina Kelly,Male,70,Laurenberg
599,Douglas Cruz,Female,64,Johnborough
600,Julie Baxter,Female,64,Port Edward
601,Dr. Brittany Wall DDS,Male,57,Whitestad
602,Joshua Brown,Female,30,Robertfort
603,Susan Weaver,Male,52,Blackburgh
604,Mark Padilla,Male,52,Port Kevinborough
605,Bryan Shelton,Female,40,Thomaschester
606,Rachel Gonzalez,Male,50,Port Russell
607,Wyatt Hernandez,Female,69,North Connorshire
608,Randy Boyd,Male,30,Port Jay
609,Wyatt Lawson,Male,67,Jordanborough
610,Ronald Hodges,Female,43,Wilsonchester
611,George Hernandez,Female,30,Lake Jerry
612,Latoya Long,Male,40,Sanchezfort
613,Denise Herrera,Male,50,North Zachary
614,Ricky Richardson,Female,52,Dianeton
615,Melissa Cross,Male,59,New Chadland
616,Mary Davis,Male,43,Lake Danielmouth
617,Christopher Miller,Female,48,Lechester
618,Emily Ball,Female,31,Gutierrezville
619,Maurice Atkins,Female,29,Diazstad
620,Terri Benjamin,Female,33,Lake Davidview
621,Kyle Moran,Female,64,New Sharonview
622,Benjamin Carter,Male,29,Davidchester
623,Cindy Castillo,Female,51,Jennymouth
624,Jennifer Cisneros,Female,55,Port Dianatown
625,Nicholas Murray,Male,30,Valdezburgh
626,Brittany Romero,Male,35,Port Patricia
627,Brad Hoover,Male,19,Jeffreystad
628,Sandra Johnson,Male,33,Ruiztown
629,William Serrano,Female,33,Marymouth
630,Carla Turner,Female,33,Denisebury
631,Danielle Miller,Male,33,Johnville
632,Robin James,Male,27,Lake Kristin
633,Lee Wilson,Female,25,North Melissaland
634,Matthew Medina,Female,24,New Michelle
635,Valerie Davis,Male,51,Martinmouth
636,Michele Hernandez,Female,65,Mariashire
637,Danielle Nielsen,Female,61,New Kimberlyport
638,Kevin Adkins,Male,40,New Benjamin
639,Jennifer Kelly,Female,46,Emilyfort
640,Tammy Gomez,Female,31,New Susanside
641,Melanie Massey,Male,52,Davidport
642,John Little,Male,31,North Marthachester
643,Daniel Diaz,Female,44,Seanshire
644,Ann Jones,Female,22,Isaiahbury
645,Benjamin Robbins,Female,48,Frazierville
646,Michael Whitehead,Male,66,Lake Mary
647,Jon Williams,Female,64,New Michael
648,Adam Bautista,Female,26,Meadowsmouth
649,Jacob Mathews,Female,49,Schmidtport
650,Hannah Perry,Female,30,Haroldville
651,Emily Pena,Male,60,Ashleyville
652,Jeffrey Diaz,Female,29,North Ginaton
653,Courtney Watson,Female,22,Gonzaleshaven
654,Jasmine Mack,Male,51,Jamesmouth
655,Matthew Marshall,Female,57,West Katie
656,Kimberly Gomez,Male,64,Jamieside
657,Rachel Davis,Male,26,Jacquelineshire
658,Alison Kim,Female,68,South Edwin
659,Francis Johnson,Male,33,Port Melissaton
660,Timothy Mccarty,Female,63,Kelliburgh
661,Michelle Park,Male,56,Allisonfort
662,Sarah Miller,Female,30,Port Samanthaside
663,Zachary Zimmerman,Male,63,Adrianberg
664,Daniel Miranda,Female,70,Camposton
665,Joseph Martinez,Female,68,Lake Thomasburgh
666,Grant Dean,Female,69,East Tristantown
667,Caroline Smith,Female,65,Rebeccaview
668,Randy Brown,Female,31,North Jay
669,Donald Miller,Female,35,North Brenda
670,Carolyn Mcdonald,Female,64,North Samanthahaven
671,Crystal Stone,Female,51,Mercadomouth
672,Erin Hale,Male,68,Port Tracyburgh
673,Brandon Arroyo,Female,61,South Brittneystad
674,John Wilson,Female,19,Samuelton
675,Dominic Edwards,Female,38,Vargasville
676,Angela Ruiz,Male,31,Port Kirkchester
677,Joshua Phillips,Female,65,Johnsonhaven
678,Amanda Suarez,Male,49,Martinview
679,Kevin Montes DDS,Male,65,South Sarahburgh
680,Matthew Williams,Male,24,West Sonia
681,Glenn Huff,Female,32,South Julie
682,Robert Williams,Female,19,New Melanie
683,Tina Walker,Male,26,Lake Brandon
684,Mr. Vincent Brady,Female,43,Port Tracyville
685,Jennifer Hall,Female,30,Andersonside
686,Jennifer Hernandez,Female,39,Port Benjamin
687,Nichole Green,Male,60,West George
688,David Silva,Female,23,North Tarastad
689,April Wong,Male,29,Joelview
690,Curtis Harris,Male,69,New Hannahport
691,Danielle Boyd,Female,32,New James
692,Robert Powell,Male,33,Port Josephbury
693,Peggy Rhodes,Female,18,Benderton
694,Robert Silva,Female,39,East Dustinstad
695,Susan Johnson,Male,37,Josephfurt
696,Jesse Morgan,Male,37,Lisatown
697,Carla Garcia,Male,68,Sandybury
698,Kim Nelson,Female,27,Kevinbury
699,Allison Neal,Male,20,Port Katherine
700,Manuel Dominguez,Male,35,Helenland
701,Christy Watts,Male,28,Lake Gregory
702,Christian Elliott,Female,18,Williamton
703,Michael Johnson,Male,57,West Sarah
704,Carla Barker,Female,61,East Sonyaville
705,Nicholas Phillips,Female,55,Contrerasbury
706,Laura Avila,Male,33,South Hollyhaven
707,Joel Williams,Female,47,Roymouth
708,William Boyd,Female,33,Mayville
709,Cheryl Allen,Female,49,Josephchester
710,Rebecca Lopez,Female,63,West Stevenburgh
711,Tonya King,Female,36,East Thomas
712,Peter Knight,Female,45,West Angela
713,Molly Leon,Male,47,North Arthurburgh
714,Gregory Stevens,Female,25,Jeremyport
715,Ashley Howard,Male,26,Port Matthew
716,Kathryn Padilla,Male,18,New Tammy
717,Luis Hunt,Male,63,Lake Cynthiamouth
718,Jonathan Foley,Female,39,New Robertfort
719,Russell James MD,Female,38,South Ruth
720,Troy Williams,Male,46,East Krystal
721,Jennifer Cameron,Female,54,South Maxstad
722,Kelly Lawson,Male,55,Underwoodborough
723,Terry French,Male,58,Laurastad
724,Katherine Allen,Female,46,West Ryan
725,Leah Curry,Male,38,North Traviston
726,Jocelyn Harris,Female,20,Port Stanley
727,Kelli Smith,Female,57,Michelleshire
728,Joshua Weaver,Male,28,Benjaminburgh
729,Rachel Wagner,Male,29,Brianmouth
730,Cory Wallace,Female,25,Rodriguezmouth
731,Daniel Weeks,Male,52,West Kimberly
732,Brittany Davis,Female,47,Port Adammouth
733,Joe Rowe,Male,23,Bowmantown
734,Jennifer Jenkins,Female,18,Port Brianna
735,Christina Lane,Female,25,Tylerberg
736,Dillon Hoffman,Female,28,South Ernest
737,Cathy Brown,Female,24,Cortezhaven
738,Matthew Swanson,Female,43,West Garrettview
739,Angela Harrington,Male,55,South Samanthaville
740,Wesley Austin,Female,24,Michaelland
741,Rachel Taylor,Male,31,West James
742,Adrienne Alvarez,Female,65,Port Cheryltown
743,Shannon Roberts,Male,56,West Alyssa
744,Philip Mccarthy,Male,57,Carlatown
745,Amy Chase,Female,30,South Markchester
746,Ronald Nelson,Female,43,West Michaelburgh
747,James Hudson,Male,35,Aprilhaven
748,Calvin Miller,Male,34,Lake Beth
749,Daniel Palmer,Female,30,South Cheyenneview
750,Jill Hernandez,Female,48,North Sarahberg
751,Donald Scott,Male,70,South Ryan
752,Joseph Anderson,Male,27,Davidside
753,Stacey Ritter,Female,26,Harrisburgh
754,Deborah Smith,Female,21,New Vanessa
755,Brittany Lopez,Female,44,Parkerland
756,Miguel Barton,Female,30,Port Jason
757,Elaine Dennis,Male,26,Sanchezview
758,Joseph Hunter,Male,30,Mallorymouth
759,Megan Myers,Male,29,Port Jonathan
760,Catherine Wong,Female,53,Parrishfurt
761,Lisa Davis,Female,26,Laurieton
762,Jeremy Smith,Female,35,Martinezstad
763,Christopher Flynn,Female,68,New Kevin
764,Jennifer Reyes,Female,22,East Nathaniel
765,Natasha Cook,Male,44,Port Andrefurt
766,Mr. Michael Parker,Male,45,Watkinsview
767,Isaiah Harding,Female,18,Davidbury
768,Kevin Johnson,Male,67,East Madisonfurt
769,Jason Austin,Male,63,Matthewhaven
770,Shane Bennett,Male,65,West Danielland
771,Brandon Taylor,Female,66,Davisburgh
772,Aaron Stewart,Female,24,Port Julie
773,Mary Kelley,Female,62,South Joanchester
774,Miranda Robinson,Female,36,South Ashley
775,Paul Mcpherson,Female,25,Brittanyberg
776,Angela Murphy,Male,30,Palmerside
777,Jennifer Burns,Female,57,East Troy
778,Jessica Higgins,Male,28,Bruceshire
779,Sarah Neal,Female,19,Jacobville
780,Daniel Cole,Female,70,North Patrickstad
781,Keith Bond,Female,36,West Thomasburgh
782,Sara Summers,Male,23,Piercetown
783,Joshua Hartman,Male,54,Port Ryanstad
784,Mary Thompson,Female,47,Lake Renee
785,Bryan Scott,Male,19,South Jesse
786,Brian Perry,Female,49,North Connormouth
787,Rhonda Bowen,Female,56,South Jordan
788,Mrs. Kimberly Baker,Male,51,Williamsonport
789,Dr. Samuel Allen,Female,64,South Kevin
790,Tommy Cortez,Male,43,Thomasbury
791,Alexander Caldwell,Female,29,Lake Johnbury
792,Kevin Ibarra,Male,40,West Andrew
793,Melvin Wright,Female,33,Mendezland
794,Laura Moreno,Female,43,Alextown
795,Alison Wolf,Male,36,North Wesley
796,Emma Sexton,Female,33,Crossbury
797,Victor Jennings,Female,26,East Josemouth
798,Lori Allen,Female,63,Pedroside
799,Stephen Johnson,Female,47,Josephstad
800,Karen Pham,Male,61,Martintown
801,Brian Warren,Female,34,Smithberg
802,William Todd,Female,55,Hicksbury
803,Willie Kane,Female,59,Colleenchester
804,Gina White,Female,55,Lake Benjamin
805,Shawna Young,Female,46,New Johnfurt
806,James Perez,Female,66,New Danielton
807,Adam Johnson,Female,52,Nicholasstad
808,Kevin Collins,Male,27,Port Alexandraville
809,Michael Williams,Male,42,East Angelaport
810,Linda Rodriguez,Female,54,Robertstad
811,Jonathan Garcia,Male,42,Erintown
812,Alexandria Thompson,Male,36,South Philip
813,Paul Massey,Female,35,East Gregoryfurt
814,Dr. Julie Lane,Female,52,Burkeshire
815,Martha Johnson,Female,45,North Diane
816,Maria Taylor,Male,69,Dawnside
817,Brittany Kerr,Female,70,Louisbury
818,Stephen Collins,Female,49,Smithfurt
819,Benjamin Day,Female,33,Morenostad
820,Micheal Smith,Female,35,Youngtown
821,Amy Fisher,Female,40,Lake Kelly
822,Kayla Mendez,Male,32,Susanstad
823,Anthony West,Male,59,West Amanda
824,Ashley Martin,Female,29,Sandraville
825,Sharon Powers,Female,40,North Robert
826,Edward Thompson,Male,32,Elizabethton
827,Christina Turner,Male,54,North Ray
828,Travis Robinson,Female,40,East Sharon
829,Michael Hicks,Male,59,Adamsville
830,Michelle Soto,Female,69,Port Robertburgh
831,Tyler Huber,Male,26,Lake Jamesbury
832,Brenda Ramirez DDS,Male,54,Lake Jacobville
833,Natasha Cortez,Female,23,Michellestad
834,Kevin Williams,Male,41,Jefferytown
835,Elizabeth Rowe,Female,32,East Tara
836,Derek Gutierrez,Male,50,South Maryburgh
837,Yvette Anderson,Female,40,Myerston
838,Jason White,Female,56,Davisport
839,Charles Miller,Male,56,South Angelica
840,Michelle Brown,Female,69,Jonmouth
841,Ralph Cruz,Female,46,Robertsonport
842,Sara Harris,Male,21,Randyberg
843,Stephanie Knight,Female,55,Jamesbury
844,Ronald Collins,Male,50,Jamesport
845,Lori Booth,Female,21,Lindseyside
846,Paige Cunningham,Male,50,New Stevenbury
847,Angel Jenkins,Female,24,Gainesstad
848,Jeffrey Galvan,Male,28,East Diana
849,Judy Gross,Female,65,New Troy
850,Joshua Macdonald,Female,57,Port Robin
851,Christopher Bennett,Female,28,West Nicholasfurt
852,Lindsey Kirk,Female,45,East Donna
853,Terry Acosta,Female,61,Clarkemouth
854,Jose Garrett,Male,32,East Jamesfurt
855,Leslie Carpenter,Female,51,Lake Jerrychester
856,Shaun Frazier,Male,65,Parkfurt
857,Larry Montoya,Male,51,Tamiport
858,Dana Lawson,Female,25,Ashleystad
859,Pamela Thompson,Female,19,South Joshua
860,Kendra Grant,Male,25,Franciscofort
861,Maria Benson,Female,32,Stephaniefort
862,Anthony Fernandez,Male,55,East Kellychester
863,Carolyn Navarro,Male,46,East Joseph
864,Heather Flores,Female,39,Richardshire
865,Brian Mahoney,Female,45,Perrybury
866,Jason King,Female,27,North Jennifer
867,Pedro Anderson,Male,39,Monteschester
868,Danielle Hoffman,Male,30,Lake Sheila
869,Shannon Saunders,Male,40,Smithborough
870,Jane Becker,Female,53,Ayershaven
871,Jesse Browning,Male,43,Johnsonfort
872,Thomas Garcia,Female,65,West Michaelland
873,Matthew Delgado,Female,65,Nicholasborough
874,Kenneth Buchanan,Female,44,East Brucemouth
875,Shane Roman,Female,46,East Curtisville
876,Misty Sanchez,Male,68,Lawsonfurt
877,Anna Green,Female,50,Charlesport
878,Jessica Page,Male,60,West Andreborough
879,Melanie Griffin,Male,67,East Henryville
880,Latoya Robinson,Female,21,East Jamesfurt
881,Christopher Martinez,Male,66,North Tammystad
882,Eric Lane,Male,42,Woodsborough
883,Michael Durham,Female,51,Rayville
884,Emily Stout,Female,62,South Andreamouth
885,Sara Chambers,Female,25,Cynthiaburgh
886,Diana Randall,Male,66,Lake Kenneth
887,Alyssa Anderson,Male,60,Kelleychester
888,Eric Dougherty,Male,41,North Connor
889,Michele Pittman,Male,22,Markstad
890,Mr. John Murray,Male,45,Vincentview
891,Todd Clark,Female,26,West Joseph
892,Cynthia Martin,Male,39,East Kennethside
893,Angela Nguyen,Female,27,Martinezhaven
894,Jamie Martinez,Female,38,Port Christophermouth
895,Makayla Hunt,Male,57,Dickersonton
896,Thomas Chandler,Male,47,New Anthony
897,Marie Davis MD,Female,36,Joyshire
898,Jennifer Herrera,Female,55,North Randallview
899,Angelica Shah,Male,49,Kellyville
900,Omar Wilson,Male,65,Jasminestad
901,Emily Rodriguez,Male,59,Davisberg
902,Kimberly Simpson,Male,56,Lake Krista
903,Joseph Costa,Female,29,Port Alicestad
904,Jenny Brown,Female,33,Crystalville
905,Robert Banks,Female,46,Loriville
906,James Owen,Female,54,Loweryfort
907,John Chase,Female,63,Lake Corey
908,Samantha Lowe,Female,69,North Claireberg
909,Melanie Gray,Male,33,Michaelburgh
910,Roberta Bauer,Male,46,East Michaeltown
911,Shannon Foster,Male,66,Benjaminbury
912,Larry Wong,Female,67,Wilsonside
913,Stacey Diaz,Female,25,Ericport
914,Jason Smith,Male,39,Ramirezhaven
915,Matthew Jones,Male,45,New Ryan
916,Anthony Solomon,Female,31,East Alyssa
917,Nathan Johnston,Male,18,Michelleberg
918,Rebecca Hamilton,Male,26,North Dominique
919,Jessica Sanchez,Male,70,Gallagherberg
920,Tabitha Blair,Male,48,Russellhaven
921,Jeff Harris IV,Male,29,Wrightfurt
922,Brian Lee,Male,40,Adrianberg
923,Greg Heath,Female,46,South Monica
924,Garrett Gray,Female,20,North Davidville
925,Laura Campbell DDS,Male,66,North Melinda
926,Tracey Cisneros,Male,53,Lake Meganton
927,Emily Becker,Female,49,Ashleyfort
928,Samantha Lutz,Female,65,Port Jeffreyside
929,Dorothy Lopez,Male,67,Bruceburgh
930,Monica Stewart,Female,42,West Rebeccachester
931,Kevin Mitchell,Female,23,Lake Shane
932,Victor Ramirez,Male,69,Amymouth
933,Christina Dalton,Male,61,Port Angelaberg
934,Matthew Mays,Female,34,North Courtney
935,Lisa Hernandez,Female,41,Craighaven
936,Cynthia Sanchez,Male,48,Toddborough
937,Lynn Smith,Female,28,North Ethanberg
938,Michelle Davis,Male,57,Markview
939,Olivia Bradford,Male,40,Michaelbury
940,Andrew Bean,Female,36,North Jody
941,Dustin Costa,Female,68,Robertborough
942,Jacob Roberts,Female,62,Thompsonton
943,Peggy May DDS,Male,24,Melissafurt
944,Jill Fletcher,Male,22,Thomasmouth
945,Samantha Bauer,Male,50,Aliciabury
946,Christy Adams,Female,35,Victoriamouth
947,Anna Matthews,Male,52,New Derekport
948,Brian Gallagher,Male,52,Sandersberg
949,John Stewart,Male,46,North Nicole
950,Alexis Johnson,Male,33,East Robertstad
951,Renee Mckinney,Male,58,Tuckerville
952,Ann Hays,Female,69,Rodriguezshire
953,Peter Johnson,Female,45,Lambertview
954,Leslie Maxwell,Female,23,Smithport
955,John Phillips,Female,63,Torresburgh
956,Amanda Jones,Female,22,North Kristenport
957,Dawn Oneill,Female,53,Port Kimberlyburgh
958,Kimberly Young,Male,48,South Deborahfurt
959,Michael Rodriguez,Female,58,Delgadoview
960,Anthony Robinson,Female,22,Lake Mollyburgh
961,Monica Perry,Female,28,Teresamouth
962,Betty Rasmussen,Female,22,Beckshire
963,Robert King,Male,66,Danielmouth
964,Peter Burton,Male,24,Wallaceborough
965,Alex Smith,Female,32,Robbinsfurt
966,Julie Wu,Female,65,South Sara
967,Brandon Mcbride,Male,49,New Kimberly
968,Andrea Garcia,Female,46,Wagnerfurt
969,Samantha Scott,Female,24,Reedshire
970,Monique Dominguez,Male,22,Mccannhaven
971,Connie Ramos,Male,56,Marissaberg
972,Kelly Wright,Female,70,West Williamborough
973,Peter Harris,Female,67,Loweryburgh
974,Victoria Obrien,Male,48,South Thomasberg
975,Aaron Garcia,Male,58,South Nicole
976,Chloe Moreno,Female,66,Fowlerstad
977,John Hall,Male,35,East Davidfurt
978,Robert Riley,Female,57,South Gavinland
979,Linda Collins,Male,22,Jonathanview
980,Sheena Elliott,Male,67,East Bryanmouth
981,Michaela Wilson,Male,39,West Jamesshire
982,Johnny Fleming,Female,43,Lopezview
983,Kathy Wilson,Female,35,New Brian
984,Christopher Johnson,Male,42,Bishopborough
985,Deborah Harvey,Male,23,Garciaview
986,Joshua Coleman,Female,50,North Stephanie
987,Julie Ramsey,Male,23,Walkerburgh
988,Christina Stanley,Female,64,Oconnellbury
989,Ryan Padilla,Female,38,West Anthony
990,David Mitchell,Female,68,Port Steven
991,Shane Mckinney,Male,57,Woodsstad
992,Sylvia Prince,Female,20,Ericfurt
993,Brenda Pierce,Male,54,Johnsonmouth
994,Johnny Brown,Male,42,Johnsonstad
995,Mr. Mark Smith,Male,60,Gordonhaven
996,Jennifer Coleman,Female,67,Gutierrezchester
997,Traci Smith,Male,41,North Elizabeth
998,Laura Mathis,Female,54,Karenstad
999,Michelle Hunter,Male,65,Stevensonview
1000,Patricia Hansen,Female,22,Robertsmouth
